French,English,Example
"être","to be","Être libre, c'est se connaître soi-même."
"je","I","Je t'aime plus que tout au monde."
"de","of, from","Le plus grand cadeau de la vie, c'est l'amour."
"ne","not","Ne doute jamais de ta valeur."
"avoir","to have","Avoir la paix intérieure est un trésor inestimable."
"pas","not","Rien n'est impossible, pas même tes rêves les plus fous."
"la","the (fem. sing.)","La vie est trop courte pour ne pas aimer intensément."
"tu","you (sing. informal)","Tu es la raison pour laquelle je me lève chaque matin."
"le","the (masc. sing.)","Le bonheur se trouve dans les petits gestes du quotidien."
"vous","you (plur. or formal)","Je vous promets un amour éternel."
"il","he/it","Il n'y a pas de hasard, seulement des rencontres."
"et","and","L'amour et la confiance sont la base de toute relation."
"à","to, at","Je reviendrai à toi, quoi qu'il arrive."
"un","a, one (masc. sing.)","Un sourire peut changer le cours d'une journée."
"aller","to go","Aller vers l'inconnu est la clé de la croissance."
"ça","that, it","Ton sourire, ça vaut tous les trésors du monde."
"faire","to do, to make","Faire de chaque instant un souvenir inoubliable."
"les","the (plur.)","Les moments passés ensemble sont ma plus grande richesse."
"on","one, we","On dit que l'amour guérit toutes les blessures."
"l'","the (elided)","L'amour ne connaît aucune frontière."
"une","a, one (fem. sing.)","Une seule parole peut changer une vie."
"d'","of, from (elided de)","Derrière chaque sourire se cache une histoire."
"pour","for, in order to","Je donnerais tout pour être à tes côtés."
"des","some (plur. indéfini)","Des souvenirs gravés à jamais dans mon cœur."
"dire","to say","Les mots ne suffisent pas pour dire l'intensité de mon amour."
"en","in, by, while","En ton absence, chaque seconde est une éternité."
"pouvoir","can, to be able to","Pouvoir t'aimer librement est mon plus grand privilège."
"qui","who, which","Tu es celle qui illumine mes nuits."
"vouloir","to want","Vouloir te rendre heureux est ma seule ambition."
"ce","this, that","Ce regard suffit à éveiller mon âme."
"mais","but","Je t'aime, mais je t'admire encore plus."
"me","me (object pronoun)","Tu me fais découvrir la beauté du monde."
"nous","us, we","Nous sommes plus forts ensemble."
"dans","in, inside","Dans tes yeux, je trouve ma vérité."
"elle","she, it","Elle a changé ma vie pour toujours."
"savoir","to know (facts)","Savoir que tu existes rend tout possible."
"du","of the, some","Le son de ta voix est la musique du paradis."
"y","there, to it","J'y crois, à notre amour éternel."
"t'","you (elided)","Je t'ai attendu toute ma vie."
"bien","well, good","Tu sais si bien toucher mon cœur."
"voir","to see","Te voir sourire est mon bonheur quotidien."
"que","that, than","Rien n'est plus beau que ton sourire."
"plus","more, no more","Plus je te connais, plus je t'aime."
"non","no","Non, je ne te laisserai jamais partir."
"te","you (object pronoun)","Je veux te protéger de tous les dangers."
"mon","my (masc. sing.)","Mon cœur bat pour toi chaque seconde."
"au","to the (masc. sing.)","Je reviendrai au creux de tes bras."
"avec","with","Avec toi, tout devient possible."
"moi","me (tonic pronoun)","Pour moi, tu es l'incarnation de la perfection."
"devoir","must, to have to","Tu n'as pas à devoir quoi que ce soit, tu es libre."
"oui","yes","Oui, je viendrai à ta fête demain soir."
"ils","they","Ils partent en voyage à Paris la semaine prochaine."
"tout","all; everything","Tout ce que je souhaite, c'est ton bonheur."
"se","oneself (reflexive)","Il se lève toujours avant le soleil."
"venir","to come","Viens chez moi quand tu veux."
"sur","on; over","Le livre est posé sur la table."
"toi","you (stressed)","C'est pour toi, j'espère que ça te plaira."
"s'","(reflexive contraction)","Elle s'habille avec soin chaque matin."
"ici","here","Ici, la vue sur la mer est incroyable."
"rien","nothing","Rien ne peut m'empêcher de réaliser mes rêves."
"ma","my (fem.)","Ma sœur m'a donné un conseil précieux."
"comme","like; as","Il agit comme si rien ne s'était passé."
"lui","him; her (stressed)","Donne-lui ce message dès que possible."
"où","where","Où as-tu mis mes clés ?"
"si","if; yes (in questions)","Si tu as besoin d'aide, je suis là."
"là","there","Regarde là-bas, c'est notre maison."
"suivre","to follow","Suis-moi, je vais te montrer le chemin."
"parler","to speak","Parle plus fort, je ne t'entends pas."
"prendre","to take","Prends ce parapluie, il va pleuvoir."
"cette","this (fem.)","Cette robe te va à merveille."
"votre","your (formal/plural)","Votre soutien me touche profondément."
"quand","when","Quand partons-nous en vacances ?"
"alors","then; so","Alors, on y va ou pas ?"
"chose","thing","Chaque chose a sa place dans ce monde."
"par","by; through","Par amour, il a tout sacrifié."
"son","his; her (masc.)","Son sourire illumine mes journées."
"ton","your (informal)","Ton opinion compte beaucoup pour moi."
"croire","to believe","Je crois en toi et en tes capacités."
"aimer","to love; to like","J'aime passer du temps avec toi."
"falloir","to be necessary","Il faut que tu viennes à la réunion."
"très","very","Tu es très courageux d'oser parler ainsi."
"ou","or","Tu préfères le thé ou le café ?"
"quoi","what","De quoi parles-tu exactement ?"
"bon","good","C'est un bon jour pour commencer quelque chose de nouveau."
"passer","to spend; to pass","Nous avons passé une journée inoubliable."
"penser","to think","Je pense souvent à notre première rencontre."
"aussi","also","Moi aussi, j'aimerais y aller avec vous."
"jamais","never","Je ne t'abandonnerai jamais, quoi qu'il arrive."
"attendre","to wait","Attends-moi, je reviens dans cinq minutes."
"pourquoi","why","Pourquoi as-tu décidé de changer de carrière ?"
"trouver","to find","J'ai trouvé la clé que tu cherchais."
"laisser","to let; to leave","Laisse-moi t'aider avec ces sacs."
"sa","his; her (fem.)","Sa gentillesse est sans limite."
"ta","your (informal fem.)","Ta passion pour la musique est inspirante."
"arriver","to arrive; to happen","Qu'est-ce qui vient d'arriver ici ?"
"ces","these","Ces fleurs sont magnifiques, merci."
"donner","to give","Donne-moi cinq minutes pour me préparer."
"regarder","to look; to watch","Regarde le ciel étoilé ce soir."
"encore","again; still","Je t'aime encore plus qu'hier."
"appeler","to call","Je vais l'appeler pour confirmer le rendez-vous."
"est-ce que","(question marker)","Est-ce que tu viens ce soir ?"
"homme","man","Cet homme a sauvé un chat de l'arbre."
"partir","to leave","Je dois partir avant la fin du film."
"petit","small; little","Ce petit café est mon endroit préféré."
"mes","my (pl.)","Mes amis m'ont surpris avec un gâteau."
"toujours","always","Je t'aimerai toujours, quoi qu'il arrive."
"jour","day","Chaque jour est une nouvelle opportunité."
"femme","woman; wife","La femme au chapeau rouge est ma mère."
"temps","time; weather","Le temps passe si vite quand on est heureux."
"maintenant","now","Maintenant, c'est à toi de jouer."
"notre","our","Notre amitié est inestimable."
"vie","life","La vie est belle quand on la partage."
"deux","two","J'ai acheté deux billets pour le concert."
"mettre","to put; to place","Mets ton manteau avant de sortir."
"rester","to stay; to remain","Reste ici jusqu'à ce que je revienne."
"sans","without","Je ne peux pas vivre sans musique."
"arrêter","to stop; to quit","Arrête de parler, je t'écoute."
"vraiment","really","Tu es vraiment doué pour le piano."
"connaître","to know (someone/place)","Je connais bien cette ville."
"sûr","sure; safe","Sois sûr de toi avant de prendre ta décision."
"merci","thank you","Merci pour ce merveilleux cadeau."
"tuer","to kill","Il faut tuer ces idées négatives."
"comment","how","Comment as-tu appris le français si vite ?"
"mourir","to die","Mourir pour ses convictions est un choix difficile."
"demander","to ask; to request","Demande-lui s'il peut nous aider."
"même","same; even","C'est la même histoire chaque fois."
"peut-être","maybe; perhaps","Peut-être qu'il viendra demain."
"dieu","God","Que Dieu te protège toujours."
"fois","time; occurrence","La première fois que je l'ai vue, j'étais ému."
"oh","oh; wow","Oh, je ne m'attendais pas à ça !"
"père","father","Mon père m'a appris à conduire."
"peu","little; few","J'ai un peu de temps libre cet après-midi."
"comprendre","to understand","Je ne comprends pas cette question."
"seul","alone; only","Je me sens seul dans cette grande ville."
"quelque","some; a few","J'ai besoin de quelque argent pour le taxi."
"sortir","to go out; to exit","Sortons dîner ce soir en ville."
"an","year","Il a voyagé pendant un an autour du monde."
"trop","too; too much","Il fait trop chaud pour travailler dehors."
"chez","at (someone's place)","Je suis chez moi, entre quand tu veux."
"fille","girl; daughter","Ma fille joue du violon depuis deux ans."
"aux","to the; at the (pl.)","Nous allons aux montagnes ce week-end."
"monde","world","Le monde est plein de belles surprises."
"vrai","true; real","C'est le vrai sens de l'amitié."
"autre","other; another","Donne-moi un autre exemple, s'il te plaît."
"besoin","need","J'ai besoin de ton aide pour ce projet."
"accord","agreement; accord","Nous sommes tombés d'accord sur les termes."
"ses","his; her (pl.)","Ses conseils m'ont beaucoup aidé."
"ami","friend","Mon ami d'enfance vit à l'étranger."
"monsieur","Mr.; sir","Bonjour monsieur, comment allez-vous ?"
"enfant","child","Chaque enfant mérite une éducation de qualité."
"entendre","to hear","Je n'arrive pas à t'entendre, parle plus fort, s'il te plaît."
"voilà","here is; there you go","Voilà la clé que tu cherchais depuis ce matin."
"chercher","to look for","Je vais chercher un cadeau pour ton anniversaire."
"heure","hour; time","Il est temps de partir, l'heure tourne."
"tes","your (pl.)","Tes idées sont toujours inspirantes."
"aider","to help","Je suis là pour t'aider à chaque étape."
"mère","mother","Ma mère m'a appris à suivre mon cœur."
"déjà","already","Tu as déjà accompli plus que tu ne le crois."
"beau","beautiful; handsome","Quel beau coucher de soleil ce soir !"
"essayer","to try","Essaye encore, tu es plus proche que tu ne le penses."
"quel","which; what","Quel est ton rêve le plus fou ?"
"juste","just; fair","C'est juste incroyable de te voir réussir."
"mieux","better","Tu te sens mieux aujourd'hui ?"
"vos","your (formal/pl.)","Vos conseils m'ont guidé vers la réussite."
"grand","big; great","Un grand projet commence toujours par un petit pas."
"quelqu'un","someone","Quelqu'un croit en toi, même quand tu doutes."
"beaucoup","a lot; many","Je t'aime beaucoup plus que les mots ne peuvent le dire."
"revenir","to return","Reviens quand tu veux, tu seras toujours le bienvenu."
"donc","so; therefore","Tu as travaillé dur, donc tu mérites ce succès."
"plaire","to please; to like","J'espère que ce cadeau te plaira."
"maison","house; home","La maison de tes rêves t'attend quelque part."
"gens","people","Les gens formidables rendent la vie plus belle."
"après","after; afterwards","Après chaque tempête vient un ciel plus clair."
"nuit","night","La nuit porte conseil, prends le temps de réfléchir."
"personne","person; nobody","Personne ne peut t'arrêter si tu y crois."
"ah","ah; oh","Ah, je ne m'attendais pas à cette surprise !"
"soir","evening","Ce soir, je t'emmène dîner sous les étoiles."
"nom","name","Ton nom restera gravé dans mon cœur."
"bonjour","hello; good morning","Bonjour, j'espère que ta journée sera merveilleuse."
"jouer","to play","Joue sans peur et amuse-toi pleinement."
"finir","to finish; to end","Nous devons finir ce projet ensemble."
"peur","fear","Affronte ta peur et découvre ta force intérieure."
"parce que","because","Je le fais parce que je crois en toi."
"perdre","to lose","Tu ne peux pas perdre si tu persévères."
"maman","mom","Maman, merci pour tout ton amour et ton soutien."
"sentir","to feel; to smell","Je sens la victoire à l'horizon."
"ouais","yeah","Ouais, c'est exactement ce que je voulais dire !"
"rentrer","to go home; to return","Rentre chez toi, tu as bien mérité du repos."
"avant","before","Avant de juger, essaie de comprendre."
"nos","our (pl.)","Nos rêves sont la force de notre avenir."
"problème","problem","Chaque problème cache une opportunité de grandir."
"argent","money","L'argent n'achète pas le bonheur, mais il aide parfois."
"quelle","which; what (fem.)","Quelle aventure extraordinaire nous attend !"
"vivre","to live","Vis chaque jour comme si c'était le dernier."
"rendre","to give back; to render","Rends au monde ce qu'il t'a donné."
"tenir","to hold; to keep","Tiens bon, la victoire est proche."
"cet","this (masc. before vowel)","Cet instant est gravé à jamais dans ma mémoire."
"main","hand","Donne-moi la main, et je te guiderai."
"cela","that; it","Cela change tout ce que je pensais savoir."
"vite","quickly; fast","Agis vite, car chaque seconde compte."
"oublier","to forget","N'oublie jamais d'où tu viens."
"air","air; appearance","Ton air confiant illumine la pièce."
"depuis","since","Je t'aime depuis le premier jour."
"fils","son; thread","Il est le fils dont je suis le plus fier."
"travailler","to work","Travaillons ensemble pour changer le monde."
"moins","less","Moins de peur, plus de courage."
"tête","head","Garde la tête haute, même dans la tempête."
"coup","blow; shot","Un seul coup de génie peut tout transformer."
"écouter","to listen","Écoute ton cœur, il connaît la vérité."
"raison","reason","Ta raison d'être est plus forte que tes doutes."
"manger","to eat","Mange sainement pour vivre pleinement."
"mort","death","Vivre sans peur de la mort est une victoire."
"amour","love","L'amour véritable ne connaît pas de frontières."
"mal","bad; pain","Le mal devient moindre quand on le partage."
"entrer","to enter","Entre dans ta vie avec confiance."
"devenir","to become","Deviens la personne que tu admires."
"hein","huh; tag","Tu es prêt à tout donner, hein ?"
"commencer","to start","Commence maintenant, le futur t'attend."
"moment","moment","Ce moment précis changera ta vie."
"dernier","last","Ce dernier effort te mènera à la victoire."
"voiture","car","Cette voiture te mènera vers de nouveaux horizons."
"demain","tomorrow","Demain commence aujourd'hui."
"elles","they (f.)","Elles défient les limites et inspirent le monde."
"payer","to pay","Tu devras payer le prix de tes choix."
"tirer","to pull; to shoot","Tire le meilleur de chaque situation."
"ouvrir","to open","Ouvre ton esprit aux possibles infinis."
"oeil","eye","Lève les yeux, l'univers t'appelle."
"fait","fact; made","Le fait d'oser change tout."
"changer","to change","Change ta vision, change ta vie."
"question","question","Pose-toi la question qui transforme ton destin."
"tomber","to fall","Tomber n'est pas un échec, rester à terre l'est."
"assez","enough","Tu as déjà assez de force pour réussir."
"foutre","to do; to fuck (slang)","Fous-toi des doutes et avance."
"excuser","to excuse","Excuse tes erreurs et avance plus fort."
"affaire","business; affair","C'est ton affaire, assume tes choix."
"dormir","to sleep","Dormir paisiblement est un acte de courage."
"combien","how much; how many","Combien de fois vas-tu te relever ?"
"frère","brother","Mon frère est mon plus grand allié."
"travail","work; job","Le travail acharné forge le succès."
"idée","idea","Une seule idée peut révolutionner le monde."
"eh","hey","Eh, tu es prêt pour l'aventure ?"
"famille","family","La famille est le cœur de chaque victoire."
"truc","thing; trick","Ce truc simple peut tout changer."
"trois","three","Trois mots : je crois en toi."
"tant","so much","Je t'aime tant que les mots manquent."
"ni","neither; nor","Ni peur ni regret ne m'arrêteront."
"premier","first","Sois le premier à franchir la ligne d'arrivée."
"tous","all; everyone","Tous ensemble, nous sommes invincibles."
"occuper","to occupy","Occupe-toi de ton bonheur avant tout."
"entre","between; among","Entre ciel et terre, trouve ta voie."
"marcher","to walk","Marcher dans la nature m'aide à clarifier mes idées."
"chance","luck; chance","Il a eu la chance de rencontrer son idole par hasard."
"aujourd'hui","today","Aujourd'hui, je choisis de vivre pleinement chaque instant."
"envoyer","to send","Je vais t'envoyer le document dès que j'ai terminé."
"histoire","story; history","Son histoire m'inspire à poursuivre mes rêves."
"tard","late","Il est déjà trop tard pour revenir en arrière."
"apprendre","to learn","Apprendre une nouvelle langue ouvre des portes insoupçonnées."
"minute","minute","Attends une minute, j'arrive tout de suite."
"boire","to drink","Boire un café ensemble renforce notre amitié."
"garder","to keep; to hold","Garde toujours espoir, même dans les moments difficiles."
"quelques","some; a few","Quelques mots peuvent changer le cours d'une vie."
"type","type; kind","C'est le type de défi qui révèle notre véritable force."
"porte","door; to carry","Ouvre cette porte et découvre un monde de possibilités."
"montrer","to show","Laisse-moi te montrer comment réaliser ce projet."
"mec","guy; dude","Ce mec a le courage de transformer ses rêves en réalité."
"asseoir","to sit","Assieds-toi et raconte-moi tout ce qui s'est passé."
"fou","crazy; mad","Parfois, il faut être un peu fou pour accomplir de grandes choses."
"porter","to wear; to carry","Porter secours à ceux qui souffrent est un acte de générosité."
"année","year","Cette année, je décide de suivre mon cœur."
"sous","under","Sous le silence de la nuit, je trouve ma paix intérieure."
"souvenir","memory; souvenir","Garde ce souvenir comme un trésor précieux."
"prêt","ready","Es-tu prêt à relever ce nouveau défi ?"
"contre","against; versus","Se battre contre ses peurs est le premier pas vers la liberté."
"prier","to pray","Prier chaque matin m'apporte sérénité et force."
"pendant","during; while","Pendant ce voyage, j'ai découvert qui je suis vraiment."
"mois","month","En un mois, tu peux transformer ta vie si tu le veux."
"servir","to serve","Servir les autres donne un sens profond à notre existence."
"madame","madam; Mrs.","Madame, votre sourire illumine cette pièce."
"putain","damn; fuck (slang)","Putain, c'est incroyable tout ce que tu as accompli !"
"écrire","to write","Écrire chaque jour clarifie mes pensées et mes émotions."
"part","part; portion","Chaque part de gâteau rappelle un souvenir d'enfance."
"eau","water","L'eau calme de l'océan apaise mon esprit."
"sang","blood","Son courage coule dans ses veines comme du sang de lion."
"place","place; seat","Trouve ta place dans ce monde et fais-la rayonner."
"espérer","to hope","Espérer le meilleur est le premier pas vers le succès."
"désoler","to apologize","Je suis désolé de t'avoir blessé, pardonne-moi."
"jeune","young","Être jeune, c'est oser croire que tout est possible."
"eux","them","C'est pour eux que je me bats chaque jour."
"retrouver","to find again; to meet","Retrouve-toi dans le silence de tes pensées."
"ville","city","La ville s'éveille et pulse au rythme de nos rêves."
"terre","earth; land","La terre nous nourrit, prenons-en soin avec amour."
"gagner","to win; to earn","Gagner ne se mesure pas toujours en argent."
"semaine","week","Cette semaine, je vais changer mes habitudes."
"acheter","to buy","J'ai décidé d'acheter un billet pour un nouveau départ."
"longtemps","for a long time","Longtemps, j'ai cru que mes rêves étaient hors de portée."
"gars","guy; bloke","Ce gars a le talent et la détermination pour réussir."
"chambre","room; bedroom","Sa chambre est un sanctuaire de créativité."
"hé","hey","Hé, tu ne m'as pas dit la vérité !"
"côté","side","De ton côté, as-tu trouvé la paix intérieure ?"
"leur","their; theirs","Leur sourire est la plus belle récompense."
"vieux","old","Ce vieux chêne raconte des siècles d'histoire."
"rappeler","to remind","Rappelle-moi de t'appeler dès que tu arrives."
"lire","to read","J'adore lire au bord de la mer au petit matin."
"cas","case","Dans ce cas, je te fais entièrement confiance."
"mot","word","Un mot bien placé peut changer le cours d'une vie."
"seulement","only","Je t'aiderai, seulement si tu me promets d'essayer."
"voici","here is; there is","Voici le message que tu attendais depuis longtemps."
"salut","hi; hello","Salut, comment s'est passée ta journée ?"
"monter","to go up; to climb","Monte sur scène et montre au monde ton talent."
"désolé","sorry","Désolé de t'avoir réveillé si tard, pardonne-moi."
"quitter","to leave; to quit","Quitte tes doutes et avance vers tes rêves."
"police","police","La police veille sur notre sécurité chaque jour."
"suite","next; following","À la suite de cet événement, tout a changé pour moi."
"matin","morning","Chaque matin, je me réveille avec gratitude."
"emmener","to take (someone)","Emmène-moi avec toi, je ne veux pas rester seul."
"toucher","to touch; to feel","Toucher le ciel du doigt, c'est possible si tu oses."
"continuer","to continue","Continue de croire en toi et rien ne pourra t'arrêter."
"gros","big; large","Un gros effort aujourd'hui garantit une grande victoire demain."
"enfin","finally; at last","Enfin, nous sommes arrivés au sommet après des heures de marche."
"mari","husband","Son mari la soutient dans toutes ses décisions."
"là-bas","over there","Regarde là‑bas, c'est la destination de nos rêves."
"revoir","to see again; to meet again","Revoir ton sourire illumine mes journées."
"importer","to matter; to be important","Peu importe les obstacles, tu es capable de réussir."
"papa","dad; father","Papa, merci pour tout l'amour et le soutien que tu m'offres."
"puis","then; next","Finis tes devoirs, puis nous irons nous promener."
"train","train","Prends le train de 7 h pour ne pas manquer ton rendez‑vous."
"manquer","to miss","Tu vas me manquer chaque seconde loin de toi."
"raconter","to tell; to narrate","Raconte-moi ton plus beau souvenir d'enfance."
"ensemble","together","Ensemble, nous pouvons déplacer des montagnes."
"mauvais","bad; wrong","Un mauvais choix n'est qu'une leçon déguisée."
"film","movie; film","Ce film m'a profondément ému et inspiré."
"répondre","to answer; to reply","Réponds à ton appel intérieur sans hésiter."
"garçon","boy; lad","Le garçon courageux a sauvé un chat coincé dans un arbre."
"corps","body","Prends soin de ton corps, c'est ton seul vrai refuge."
"celui","the one; that one","Celui qui persévère finit toujours par triompher."
"autres","others","Aide les autres et tu trouveras ta propre lumière."
"heureux","happy; fortunate","Tu es vraiment heureux quand tu vis en accord avec toi-même."
"loin","far; away","Loin des yeux, près du cœur, notre lien reste intact."
"sauver","to save; to rescue","Sauver une vie est le plus grand des honneurs."
"chaque","each; every","Chaque jour est une page blanche à remplir de merveilles."
"retourner","to return; to go back","Retourne toujours à tes valeurs pour ne jamais te perdre."
"leurs","their; theirs","Leurs rêves méritent d'être entendus et respectés."
"rencontrer","to meet; to encounter","Rencontrer l'inconnu forge notre caractère."
"coeur","heart","Suis ton cœur, il connaît le chemin vers le bonheur."
"voler","to fly; to steal","Laisse ton esprit voler librement vers de nouveaux horizons."
"fermer","to close; to shut","Ferme les yeux et imagine la vie dont tu rêves."
"car","because; for","Reste authentique, car c'est ta plus grande force."
"valoir","to be worth; to deserve","Tu vaux bien plus que ce que tu crois."
"descendre","to go down; to descend","Descends dans ta force intérieure pour mieux t'élever."
"ok","ok; all right","Ok, nous sommes prêts pour cette nouvelle aventure."  
"feu","fire","Le feu intérieur qui brûle en toi ne s’éteint jamais."
"docteur","doctor","Le docteur a sauvé des vies avec son dévouement."
"suffire","to suffice; to be enough","Un seul sourire peut suffire à changer une journée."
"façon","way; manner","Trouve ta propre façon de briller dans ce monde."
"nouveau","new","Chaque nouveau matin est une page blanche à écrire."
"important","important","Ce moment est si important qu’il restera gravé en toi."
"sembler","to seem","Tu sembles plus fort que tu ne le penses."
"compter","to count; to matter","Chaque effort compte dans la réalisation de tes rêves."
"vers","toward; about","Tourne-toi vers l’avenir avec confiance."
"joli","pretty; nice","Quel joli sourire, il illumine la pièce."
"point","point; dot","C’est le point de départ d’une grande aventure."
"hier","yesterday","Hier est un souvenir, aujourd’hui est un cadeau."
"chien","dog","Le chien fidèle garde le secret de ton cœur."
"dont","whose; of which","Voici le livre dont je t’ai parlé hier."
"guerre","war","La guerre des idées se gagne par la paix intérieure."
"genre","kind; type","Ce genre de défi révèle ta véritable force."
"merde","shit; damn (slang)","Merde, tu as réussi là où personne n’osait."
"meilleur","best","Tu mérites le meilleur que la vie peut offrir."
"marier","to marry","Ils ont décidé de se marier sous un ciel étoilé."
"arme","weapon","La connaissance est l’arme la plus puissante."
"cause","cause; reason","L’amour est la cause de toutes nos plus belles victoires."
"endroit","place; spot","Cet endroit est le refuge de tes plus doux souvenirs."
"ordre","order; command","Donne-moi l’ordre de rêver, et je suivrai."
"poser","to put; to ask","Pose ta question et trouve ta propre réponse."
"reste","rest; remainder","Reste fidèle à toi-même quoi qu’il arrive."
"pied","foot; base","Mets un pied devant l’autre et avance vers ton but."
"envie","desire; craving","Ton envie de liberté est ton plus grand moteur."
"fin","end; finish","Chaque fin annonce un nouveau commencement."
"tiens","here; hold","Tiens, ce cadeau est pour toi, de tout mon cœur."
"inquiéter","to worry","Ne t’inquiète pas, je suis là pour te soutenir."
"bouger","to move","Bouge-toi pour transformer tes rêves en réalité."
"plutôt","rather; instead","Plutôt que d’attendre, prends l’initiative dès maintenant."
"apporter","to bring","Apporte ta lumière là où il fait sombre."
"pardon","sorry; forgiveness","Pardon accepté, maintenant avançons ensemble."
"photo","photo; picture","Cette photo capture l’instant où tout a changé."
"plein","full; plenty","Le cœur plein d’espoir, rien ne peut t’arrêter."
"devant","in front of","Devant l’adversité, puise ta force intérieure."
"décider","to decide","Décide-toi aujourd’hui à vivre sans regrets."
"ainsi","thus; so","Ainsi commence l’histoire dont tu es le héros."
"droit","right; law","Tu as le droit d’être toi-même, sans compromis."
"aucune","none; not any","Aucune montagne n’est trop haute pour celui qui ose."
"vendre","to sell","Vendre ses peurs, acheter sa liberté intérieure."
"école","school","L’école de la vie t’enseigne chaque jour une leçon."
"cher","expensive; dear","Ta liberté est trop chère pour être abandonnée."
"chef","chief; boss","Le chef d’orchestre transforme le chaos en harmonie."
"tourner","to turn","Tourne la page et écris un nouveau chapitre."
"cacher","to hide","Ne cache pas ton feu intérieur, fais-le briller."
"boulot","job; work (slang)","Ce boulot n’est qu’une étape vers ta véritable passion."
"pays","country; land","Protège ton pays, il est le reflet de ton âme."
"ceux","those; the ones","Ceux qui osent changent le monde autour d’eux."
"possible","possible","Tout devient possible lorsque tu crois en toi."
"expliquer","to explain","Laisse-moi t'expliquer comment réaliser tes rêves."
"battre","to beat; to fight","Chaque défi surmonté te rend plus fort pour battre tes peurs."
"peine","pain; sorrow","Ta peine d'aujourd'hui sera la force de demain."
"livre","book","Ce livre peut changer ta vision du monde en une seule page."
"agir","to act","Agis maintenant, car l'action crée le changement."
"imaginer","to imagine","Imagine un futur où tout est déjà accompli."
"tour","turn; tour","C'est ton tour de briller sous les projecteurs de la vie."
"adorer","to adore","J'adore voir ton sourire illuminer mes journées."
"vérité","truth","La vérité te libère, même si elle est difficile à entendre."
"recevoir","to receive","Apprends à recevoir la gratitude que tu mérites."
"gentil","kind; nice","Un geste gentil peut transformer une vie entière."
"jeter","to throw","Jette tes doutes au vent et avance sans peur."
"pleurer","to cry","Pleurer libère le cœur et prépare un nouveau départ."
"bébé","baby","Tu as l'innocence d'un bébé et la force d'un géant."
"partie","part; portion","Chaque partie de toi mérite d'être célébrée."
"nouvelle","new (f.)","Chaque nouvelle aube apporte une promesse d'espoir."
"jeu","game","La vie est un jeu où le courage est ta meilleure carte."
"amener","to bring (someone)","Amène ta lumière là où il fait sombre."
"instant","moment","Vis chaque instant comme s'il était unique."
"parent","parent","Un parent est le guide invisible de nos premiers pas."
"dur","hard; tough","Les moments les plus durs forgent les âmes les plus fortes."
"service","service; duty","Rendre service est la plus noble des actions."
"plaisir","pleasure","Trouve le plaisir dans chaque petit détail de la vie."
"promettre","to promise","Promets-toi de toujours suivre ton cœur."
"mentir","to lie","Mentir à soi-même est le plus grand des mensonges."
"soeur","sister","Ma sœur, ton courage m'inspire chaque jour."
"bientôt","soon","Bientôt, tu récolteras les fruits de ton travail."
"lit","bed","Sous les draps du lit, tu peux rêver ton futur."
"tellement","so much","Je t'aime tellement que les mots en sont impuissants."
"utiliser","to use","Utilise ta passion comme moteur de réussite."
"lieu","place; location","Trouve le lieu où ton esprit se sent libre."
"coucher","to lie down; to go to bed","Coucher tes idées sur papier, c'est leur donner vie."
"presque","almost","Tu es presque arrivé, ne t'arrête pas maintenant."
"dehors","outside","Sors dehors et respire la grandeur du monde."
"préférer","to prefer","Préférer l'espoir au doute est un acte de foi."
"content","happy","Sois content de qui tu es et de qui tu deviens."
"pauvre","poor","Même pauvre, tu es riche de tes rêves."
"offrir","to offer","Offre ton meilleur sans attendre en retour."
"roi","king","Sois le roi de ton royaume intérieur."
"verre","glass","Remplis ton verre de gratitude chaque matin."
"réveiller","to wake up","Réveille le géant qui sommeille en toi."
"aucun","none; not any","Aucun obstacle ne peut arrêter une volonté déterminée."
"aide","help","Demande de l'aide, c'est reconnaître ta force."
"d'abord","first; first of all","D'abord, prends soin de toi pour mieux aider les autres."
"journée","day","Fais de chaque journée une victoire personnelle."
"préparer","to prepare","Prépare ton esprit à accueillir le succès."
"numéro","number","Numéro un dans ton cœur, tu es unique."
"permettre","to allow","Permets-toi de rêver grand et d'oser le réaliser."
"ramener","to bring back","Ramène ton focus sur ce qui compte vraiment."
"enlever","to remove","Enlève tes doutes et avance avec confiance."
"chéri","darling","Mon chéri, tu es la lumière de ma vie."
"fort","strong","Sois fort face aux tempêtes de la vie."
"lâcher","to let go","Parfois il faut lâcher prise pour mieux avancer."
"choisir","to choose","Choisis ton chemin avec ton cœur, pas seulement ta tête."
"musique","music","La musique guérit l’âme comme rien d’autre."
"conduire","to drive","Conduis ta vie avec détermination et passion."
"faute","fault; mistake","Accepte ta faute, apprends et grandis."
"calmer","to calm","Calme ton esprit avant de prendre une décision."
"mariage","marriage","Le mariage est l’union de deux âmes courageuses."
"bureau","office; desk","Au bureau, apporte toujours ta meilleure énergie."
"route","road; way","Sur la route du succès, chaque pas compte."
"chanter","to sing","Chante ta propre chanson, unique et puissante."
"disparaître","to disappear","Laisse tes peurs disparaître devant ta volonté."
"lever","to raise; to get up","Lève-toi chaque matin avec un but clair."
"présenter","to introduce; to present","Permets-moi de te présenter la meilleure version de toi-même."
"accepter","to accept","Accepte-toi tel que tu es pour mieux t’améliorer."
"sinon","otherwise; if not","Fais-le maintenant, sinon tu le regretteras."
"long","long","Un long voyage commence toujours par un petit pas."
"café","coffee","Un bon café partagé crée des souvenirs inoubliables."
"propre","own; clean","Garde ta conscience propre en agissant avec intégrité."
"confiance","trust; confidence","La confiance en soi est la clé de tous les succès."
"cinq","five","Cinq secondes de courage peuvent changer ta vie."
"bonsoir","good evening","Bonsoir, que cette soirée t’apporte la paix."
"compte","account; to count","Chaque compte rendu est une leçon de progrès."
"téléphone","telephone","Appelle-moi dès que tu as besoin de parler."
"casser","to break","Casse tes chaînes mentales et sois libre."
"prochain","next","Le prochain chapitre de ta vie t’attend."
"frapper","to hit; to knock","Frappe à la porte des opportunités sans hésiter."
"facile","easy","Rien de grand n’est facile, mais tout est possible."
"attention","attention; care","Porte attention à ce qui nourrit ton âme."
"rêve","dream","Poursuis ton rêve avec tout ton cœur."
"copain","friend; boyfriend","Mon copain est mon partenaire dans toutes mes aventures."
"malade","sick; ill","Même malade, garde l’espoir d’un lendemain meilleur."
"rue","street","Sur cette rue, j’ai trouvé ma véritable vocation."
"lettre","letter","Cette lettre est le reflet de mes sentiments les plus profonds."
"ignorer","to ignore","Ignore les voix négatives et écoute ta voix intérieure."
"fête","party; celebration","La fête de la vie se célèbre chaque jour."
"couper","to cut","Coupe les liens toxiques pour retrouver ta liberté."
"esprit","mind; spirit","Un esprit calme est une arme puissante."
"super","great; awesome","Super, tu es sur la bonne voie pour réussir."
"taire","to be silent","Parfois il faut se taire pour mieux écouter."
"seigneur","lord; master","Seigneur, guide-moi vers la lumière et la vérité."
"flic","cop (slang)","Le flic a veillé sur notre sécurité toute la nuit."
"parfois","sometimes","Parfois, un seul instant suffit pour tout changer."
"capitaine","captain","Sois le capitaine de ton navire, dirige-le vers tes rêves."
"âge","age","L’âge n’est qu’un nombre face à l’énergie du cœur."
"autant","as much; so much","Autant de passion mérite autant d’audace."
"force","strength","Ta force intérieure est plus grande que tu ne l’imagines."
"pièce","room; coin; play","Dans cette pièce, chaque mot compte."
"quatre","four","Quatre piliers soutiennent tes plus grandes ambitions."
"cul","ass; butt","Ne reste pas assis sur ton cul, bouge et transforme ta vie."
"difficile","difficult; hard","Ce qui est difficile aujourd'hui sera ta plus grande fierté demain."
"bras","arm; embrace","Dans tes bras, je trouve la force de surmonter toutes les épreuves."
"tromper","to deceive; to cheat","Ne te trompe pas sur ta valeur : tu es capable de grandes choses."
"surtout","above all; especially","Surtout, n'oublie jamais la puissance de tes rêves."
"ressembler","to resemble; to look like","Ressens la liberté en ressemblant à la meilleure version de toi-même."
"jurer","to swear; to vow","Je te jure que chaque pas te rapproche de ta destinée."
"plan","plan; map","Élabore ton plan, puis mets-le en action sans hésiter."
"prison","prison; confinement","Brise les chaînes de ta prison intérieure et vis librement."
"sale","dirty; nasty","Balaye le sale doute de ton esprit et laisse place à la clarté."
"courir","to run","Cours vers tes objectifs comme si ta vie en dépendait."
"état","state; condition","Ton état d'esprit détermine la qualité de ta réalité."
"remettre","to put back; to postpone","Ne remets pas à demain ce que ton cœur réclame aujourd'hui."
"carte","map; card","Trace ta carte du succès et suis-la avec détermination."
"paix","peace","La paix intérieure est le plus grand trésor que tu puisses trouver."
"noir","black; dark","Même dans le noir le plus profond, ta lumière peut briller."
"exactement","exactly","Fais exactement ce que ton cœur te dicte, sans compromis."
"drôle","funny; odd","Trouve le côté drôle de chaque situation pour avancer plus léger."
"refuser","to refuse","Refuse de laisser la peur contrôler ton destin."
"dès","as soon as; from","Dès maintenant, engage-toi à vivre selon tes rêves."
"président","president; leader","Sois le président de ta vie et gouverne-la avec courage."
"cours","course; class","Suis le cours de ton intuition, elle te guidera toujours."
"grave","serious; serious matter","Ce n'est pas grave d'échouer, c'est grave de ne pas essayer."
"terminer","to finish; to end","Termine chaque projet avec la fierté d'avoir tout donné."
"ciel","sky; heaven","Regarde le ciel, il te rappelle que tout est possible."
"partout","everywhere","Partout où tu iras, porte ta passion comme étendard."
"âme","soul","Écoute la voix de ton âme, elle connaît le chemin de la vérité."
"patron","boss; owner","Sois le patron de ton destin, prends les rênes sans peur."
"amuser","to amuse; to entertain","Amuse-toi en poursuivant tes rêves, le plaisir est le moteur de la réussite."
"celle","the one (fem.)","Celle qui croit en elle-même peut déplacer des montagnes."
"visage","face; visage","Ton visage reflète la lumière que tu portes en toi."
"intéresser","to interest","Intéresse-toi à tes rêves comme s'ils étaient déjà réalité."
"reconnaître","to recognize","Reconnais ta valeur et laisse-la rayonner dans chaque action."
"rire","to laugh","Le rire guérit les blessures invisibles de l'âme."
"médecin","doctor","Le meilleur médecin pour ton cœur est ton propre courage."
"rapport","report; relationship","Crée un rapport puissant avec toi-même avant tout."
"pardonner","to forgive","Pardonner libère l'esprit et ouvre la voie à la paix intérieure."
"avis","opinion; advice","Ton avis compte : fais-en une arme pour inspirer les autres."
"embrasser","to kiss; to embrace","Embrasse chaque instant comme un cadeau unique."
"retour","return; comeback","Ton retour sera célébré comme la renaissance d'un héros."
"simple","simple","Parfois, la solution la plus simple est la plus puissante."
"danser","to dance","Danse sous la pluie de la vie et savoure chaque goutte."
"exister","to exist","Exister, c'est oser laisser une trace indélébile dans ce monde."
"différent","different","Sois fier d'être différent : c'est ta plus grande force."
"souvent","often","Souvent, un petit pas chaque jour mène à un grand voyage."
"lumière","light","Sois la lumière qui dissipe les ténèbres autour de toi."
"génial","awesome; brilliant","Ta vision est géniale : partage-la et change le monde."
"libre","free","Vis libre, sans chaînes, selon les lois de ton cœur."
"près","near; close","Garde tes rêves près de ton cœur et protège-les avec passion."
"dollar","dollar","Chaque dollar investi dans ton avenir compte vraiment."
"sûrement","surely; certainly","Tu réussiras sûrement si tu restes déterminé."
"pareil","same; alike","Je ne suis pas pareil que tu étais hier."
"d'autres","others; some others","D'autres opportunités t'attendent au tournant."
"hôpital","hospital","L’hôpital de la ville a sauvé des vies incroyables."
"ceci","this","Ceci est le début de ta plus grande aventure."
"réussir","to succeed","Pour réussir, il faut croire en soi sans réserve."
"bizarre","weird; odd","C’est bizarre comme un mot peut changer ton état d’esprit."
"voix","voice","Ta voix intérieure est la plus fiable des conseillères."
"protéger","to protect","Protège tes rêves comme un trésor précieux."
"honneur","honor","Agis toujours avec honneur, même dans l’adversité."
"tôt","early","Se lever tôt donne un avantage sur ceux qui dorment encore."
"équipe","team","Une équipe soudée réalise l’impossible ensemble."
"prévenir","to warn; to prevent","Préviens-moi dès que tu as besoin d’un coup de main."
"cheval","horse","Monter un cheval, c’est sentir la liberté à chaque foulée."
"ailleurs","elsewhere","Parfois, le bonheur se trouve ailleurs que là où on croit."
"maître","master; teacher","Deviens le maître de ta vie grâce à ta volonté."
"avion","airplane","L’avion t’emmène loin, mais c’est ton cœur qui guide ton voyage."
"bout","end; tip","Au bout du chemin, tu trouveras ta vérité."
"habiter","to live; to reside","Habite tes rêves avant qu’ils n’habitent ta peur."
"faim","hunger","La faim de réussite est le moteur des grands champions."
"ensuite","then; next","Ensuite, laisse ton courage prendre le relais."
"l'un","the one; one of","L’un de tes plus grands défis est de croire en toi."
"froid","cold","Même dans le froid, ton feu intérieur peut réchauffer le monde."
"normal","normal","Ce qui est normal pour toi peut être extraordinaire pour les autres."
"déranger","to disturb; to bother","Ne te laisse pas déranger par les voix négatives."
"reprendre","to resume; to take back","Reprends le contrôle de ta vie sans hésiter."
"oncle","uncle","Mon oncle m’a appris à ne jamais abandonner."
"prix","price; prize","Le prix du succès est payé en persévérance quotidienne."
"retard","delay; late","Un léger retard ne doit jamais stopper ta progression."
"détruire","to destroy","Détruis tes limites mentales pour révéler ton potentiel."
"cadeau","gift","Chaque jour est un cadeau que tu peux déballer avec gratitude."
"pousser","to push; to grow","Pousse tes limites pour découvrir ta véritable force."
"face","face; in front of","Fais face à tes peurs et elles perdront leur pouvoir."
"gueule","mouth; slang “face”","Arrête de faire la gueule et souris à la vie."
"chemin","path; way","Choisis un chemin qui aligne ton cœur et ton esprit."
"vivant","alive","Sentir son cœur battre prouve qu’on est vraiment vivant."
"général","general; common","Le général de ta vie est ta passion sans compromis."
"bateau","boat; ship","Monte à bord de ton propre bateau et trace ta route."
"million","million","Un million de petites actions crée un impact colossal."
"sac","bag; sack","Porte ton sac de rêves et marche sans jamais t’arrêter."
"impossible","impossible","Ce mot devient possible quand tu refuses d’abandonner."
"seconde","second","Chaque seconde compte, n’en perds pas une seule."
"découvrir","to discover","Découvre-toi toi-même avant de découvrir le monde."
"erreur","mistake","Une erreur est le premier pas vers une meilleure solution."
"soleil","sun","Lève-toi avec le soleil pour illuminer ta journée."
"voyage","journey; trip","Le plus beau voyage est celui qui te rapproche de toi-même."
"sauter","to jump","Sauter dans l’inconnu révèle la force de ton courage."
"rêver","to dream","Rêve grand, puis travaille dur pour concrétiser tes visions."
"détester","to hate","Détester son passé empêche d’aimer pleinement le présent."
"clair","clear; bright","Le message est clair : suis ton instinct."
"con","idiot; stupid","Ne sois pas con, prends soin de tes rêves."
"faux","false; wrong","Un faux pas peut te mener vers une leçon précieuse."
"paraître","to appear; to seem","Il paraît que tu as accompli l'impossible."
"balle","bullet; ball","Une seule balle de courage peut percer le doute."
"empêcher","to prevent","Rien ne peut empêcher une volonté inébranlable."
"maintenir","to maintain; to hold","Maintiens ta vision, même quand tout vacille."
"cheveu","hair","Chaque cheveu de ta tête est le symbole de ta force."
"papier","paper","Ce papier renferme le plan de ta nouvelle vie."
"sujet","subject; topic","Le sujet de ton livre, c'est ta propre résilience."
"supposer","to suppose; to assume","Ne suppose pas l'échec avant même d'avoir essayé."
"tranquille","calm; quiet","Reste tranquille : la tempête passe toujours."
"épouser","to marry","Épouse ton destin et construis ta légende."
"blanc","white","Un espace blanc sur le papier est une invitation à créer."
"table","table","Pose tes idées sur la table et fais-les grandir."
"toute","all; whole (fem.)","Toute ta vie est une toile vierge à peindre."
"dix","ten","Dix secondes de courage valent des années de regret."
"clé","key","La clé du succès est cachée dans ta persévérance."
"agent","agent; officer","Un agent de changement, c'est toi-même."
"approcher","to approach","Approche-toi de tes rêves sans jamais reculer."
"sens","sense; meaning","Le sens de ta vie se révèle dans chaque action."
"craindre","to fear","Ne crains pas l'obstacle ; crains de ne pas essayer."
"six","six","Six secondes pour oser, toute une vie pour réussir."
"message","message","Ton message peut éveiller des consciences entières."
"crier","to shout","Crie ta vérité pour qu'elle résonne dans le monde."
"salle","room; hall","Dans cette salle, ton écho peut changer les cœurs."
"inviter","to invite","Invite le succès en travaillant avec passion."
"effet","effect","L'effet papillon commence par un petit geste."
"réfléchir","to reflect; to think","Réfléchis à ton potentiel avant de te limiter."
"espèce","species; kind","Tu es de l'espèce des bâtisseurs de rêves."
"arranger","to arrange; to fix","Arrange ta vie selon tes propres règles."
"naître","to be born","Renaitre chaque jour est un choix puissant."
"allô","hello (phone)","Allô ? C'est ton avenir qui t'appelle."
"passé","past","Le passé est un professeur, pas une prison."
"bois","wood; forest","Bois profondément, puis avance avec clarté."
"propos","remark; statement","Chaque propos sincère peut toucher une âme."
"camp","camp; side","Choisis ton camp : l'espoir ou la résignation."
"sorte","kind; sort","Quelle sorte de vie veux-tu vraiment vivre ?"
"hôtel","hotel","Cet hôtel de rêves est construit sur ta détermination."
"début","beginning","Le début est souvent la partie la plus courageuse."
"souffrir","to suffer","Souffrir peut forger une résilience inébranlable."
"jambe","leg","Tiens-toi sur tes deux jambes, avance sans crainte."
"remercier","to thank","Remercie-toi pour chaque petit pas accompli."
"choix","choice","Ton choix d'aujourd'hui détermine ton destin de demain."
"sécurité","safety; security","La vraie sécurité vient de la confiance en soi."
"baiser","to kiss","Un baiser sincère peut guérir les blessures les plus profondes."
"avocat","lawyer; avocado","Sois l'avocat de ta propre cause grâce à ton courage."
"attraper","to catch","Attrape chaque opportunité avant qu'elle ne s'envole."
"client","client; customer","Ton client le plus important, c'est toi-même."
"courant","current; common","Nage à contre-courant pour te distinguer."
"dépêcher","to hurry; to rush","Dépêche-toi si tu veux attraper le dernier train vers tes ambitions."
"peuple","people; nation","Le peuple uni peut changer le cours de l’histoire."
"dame","lady; woman","Cette dame a osé briser les barrières et inspirer des générations."
"dessus","on top; above","Regarde au-dessus des nuages, c’est là que réside ton prochain sommet."
"abandonner","to give up; to abandon","N’abandonne jamais, même quand tout semble perdu."
"vérifier","to verify; to check","Vérifie tes progrès chaque jour pour t’assurer de ta trajectoire."
"journal","newspaper; diary","Chaque page de ton journal est le témoignage de ta croissance."
"sérieux","serious; earnest","Prends ton avenir au sérieux et agis avec détermination."
"brûler","to burn","Brûle tes doutes et laisse la passion guider tes pas."
"or","gold; but","Le but n’est pas l’or, mais la fierté de ton accomplissement."
"loi","law","Respecte ta propre loi intérieure avant de juger celle des autres."
"fond","bottom; background","Au fond de toi se trouve une force insoupçonnée."
"gosse","kid; brat","Ce gosse audacieux a déjà un rêve plus grand que beaucoup d’adultes."
"fric","money; dough (slang)","Le fric n’achète pas la paix intérieure, mais il aide à créer les conditions du succès."
"situation","situation; circumstance","Ta situation actuelle n’est qu’un point de départ, pas une destination."
"euh","uh; um","Euh… ton potentiel est bien plus vaste que tu ne l’imagines."
"sauf","except; unless","Tu réussiras sauf si tu cesses d’y croire."
"accident","accident; mishap","Chaque accident de parcours est une leçon déguisée."
"doute","doubt","Le doute est l’ombre de la réussite, fais-le reculer avec confiance."
"scène","scene; stage","Sur la scène de la vie, sois l’acteur principal de ton histoire."
"soldat","soldier","Un soldat de la vie affronte ses peurs et ne recule jamais."
"amoureux","in love; lover","Amoureux de tes rêves, tu trouveras la force de les réaliser."
"assurer","to ensure; to assure","Assure-toi de viser haut, puis fais en sorte d’y parvenir."
"preuve","proof; evidence","Ta persévérance est la meilleure preuve de ton engagement."
"humain","human","Être humain, c’est avoir la capacité de se réinventer chaque jour."
"mer","sea","Laisse la mer de tes idées déferler avec puissance et liberté."
"silence","silence","Dans le silence, tu entends la voix de ton véritable moi."
"télé","TV; television","Éteins la télé et allume la flamme de ta créativité."
"victime","victim","Ne reste pas victime de tes peurs, deviens acteur de ta destinée."
"complètement","completely","Compltètement dévoué à ton rêve, tu feras l’impossible."
"pute","bitch; whore (slang)","Ignore les insultes, car ton esprit est trop noble pour se laisser salir."
"calme","calm; quiet","Garde ton calme face à l’adversité et transforme-la en opportunité."
"derrière","behind","Derrière chaque échec se cache la clé d’un futur succès."
"garde","guard; keep","Garde ton cap, même quand les vagues semblent te submerger."
"meurtre","murder; killing","Le meurtre de tes doutes est le premier pas vers la liberté."
"groupe","group; band","Un groupe soudé peut accomplir l’impossible ensemble."
"crime","crime","Le vrai crime est de ne jamais oser suivre ses rêves."
"traiter","to treat; to handle","Traite chaque obstacle comme un tremplin vers ta grandeur."
"doucement","gently; softly","Avance doucement mais sûrement vers tes objectifs."
"blesser","to hurt","Ne blesse pas tes espoirs, nourris-les avec foi et courage."
"colonel","colonel","Le colonel de ta vie est ton indomptable volonté."
"certain","certain; sure","Sois certain de ta valeur avant de la faire valoir."
"secret","secret","Ton secret le plus puissant est la foi en toi-même."
"parole","word; speech","Une parole sincère peut réconcilier des cœurs brisés."
"triste","sad","Même triste, tu peux transformer ta douleur en force."
"honte","shame","La honte n’est qu’un masque, laisse ta véritable lumière briller."
"rouge","red","Le rouge de ta passion éclaire le chemin de tes rêves."
"dégager","to clear; to get rid of","Dégage les pensées négatives pour laisser place à la confiance."
"soirée","evening; party","Cette soirée marque le début de ta nouvelle aventure."
"dangereux","dangerous","Il est dangereux de ne pas oser sortir de sa zone de confort."
"armée","army","L’armée de tes convictions te rend invincible face aux obstacles."
"filer","to dash; to hand over","File-moi ce livre, il contient les clés de ta réussite."
"risquer","to risk","Oser risquer l’échec est le premier pas vers la victoire."
"dos","back","Tiens-toi droit, garde le dos solide et avance sans peur."
"appel","call; summons","Réponds à l’appel de tes rêves avant qu’il ne soit trop tard."
"visite","visit","Une visite inattendue peut changer le cours de ta journée."
"mener","to lead","Mène ta vie comme un chef-d’œuvre en cours de création."
"fleur","flower","Une seule fleur peut illuminer un champ de ténèbres."
"attaquer","to attack","Attaque tes peurs avant qu’elles ne t’attaquent."
"coin","corner; nook","Dans chaque coin sombre se cache une opportunité à saisir."
"prince","prince","Sois le prince de ton propre royaume intérieur."
"pire","worst","Le pire danger est de ne jamais tenter sa chance."
"bordel","mess; chaos (slang)","Même dans le bordel, trouve la beauté du désordre créatif."
"professeur","teacher; professor","Chaque échec est ton professeur le plus exigeant."
"fumer","to smoke","Fumer tes doutes te libère de leur emprise toxique."
"répéter","to repeat","Répète-toi chaque jour que tu es capable de tout."
"habitude","habit","Transforme tes mauvaises habitudes en forces puissantes."
"signer","to sign","Signe ce pacte avec toi-même : ne jamais abandonner."
"ficher","to file; to ditch (slang)","Fiche tes peurs à la porte et n’en reparle plus."
"mériter","to deserve","Tu mérites chaque réussite que tu vas accomplir."
"réponse","answer; response","La réponse à tes doutes est déjà en toi, écoute-la."
"rejoindre","to join; to reach","Rejoins le sommet, tu as travaillé pour y arriver."
"discuter","to discuss","Discutons de tes rêves et construisons-les ensemble."
"village","village","Ce village pittoresque est le témoin de ton prochain départ."
"pourtant","yet; however","Pourtant, chaque chute te rapproche d’un plus grand envol."
"avancer","to move forward","Avance sans regarder en arrière, ton futur t’attend."
"connerie","bullshit; stupidity","Ignore les conneries et concentre-toi sur ta vision."
"reposer","to rest; to rely","Repose-toi, puis repars plus fort qu’avant."
"échapper","to escape","Échappe aux chaînes du doute et prends ton envol."
"forme","shape; fitness","Garde-toi en forme pour relever tous les défis."
"bruit","noise","Dans le bruit du monde, trouve ta voix intérieure."
"chacun","each; everyone","Chacun de tes pas compte dans la course de ta vie."
"diable","devil","Ne laisse pas le diable du doute te dicter tes choix."
"exemple","example","Sois l’exemple vivant de la persévérance et de la réussite."
"charger","to load; to charge","Charge tes batteries mentales avec des pensées positives."
"chat","cat","Comme un chat, retombe toujours sur tes pattes."
"ennemi","enemy","Ton plus grand ennemi est la peur, apprends à la vaincre."
"gamin","kid; brat","Ce gamin a déjà une vision d’adulte : celle de la liberté."
"rendez-vous","appointment; date","Ce rendez-vous avec ton avenir commence maintenant."
"debout","standing; up","Reste debout face à l’adversité, ne laisse rien te faire plier."
"obliger","to force; to oblige","Oblige-toi à rêver grand, puis agis en conséquence."
"trou","hole; gap","Chaque trou dans ta confiance peut être rebouché par l’action."
"idiot","idiot; fool","Ne te traite pas d’idiot : utilise tes erreurs comme tremplin."
"accompagner","to accompany","Accompagne tes rêves de travail acharné pour les voir naître."
"fenêtre","window","Ouvre la fenêtre de ton esprit et laisse entrer l’inspiration."
"oser","to dare","Ose franchir tes limites, c’est là que commence la magie."
"impression","impression; feeling","Laisse une impression durable par la force de tes actions."
"intérieur","interior; inside","L’univers le plus vaste est celui de ton monde intérieur."
"bouche","mouth","Ouvre ta bouche pour partager ta vérité sans retenue."
"ligne","line","Trace ta propre ligne dans le sable et ne recule jamais."  
"absolument","absolutely","Absolument, tu as raison : il est temps de passer à l’action."
"doux","soft; gentle","Sa voix douce apaisait toutes mes inquiétudes."
"regretter","to regret","Tu ne devras jamais regretter d’avoir suivi ton cœur."
"mur","wall","Franchis ce mur mental pour découvrir ton potentiel."
"enfer","hell","Même dans l’enfer des doutes, ta volonté te sauvera."
"prouver","to prove","Prouve-toi chaque jour que tu es capable de tout."
"boîte","box","Cette boîte contient le secret de ta prochaine victoire."
"santé","health","Ta santé est ton plus précieux capital, prends-en soin."
"t","you (colloquial)","T’es prêt pour ce défi ? Je crois en toi."
"dîner","to dine; dinner","Un dîner sous les étoiles peut transformer une soirée ordinaire."
"couvrir","to cover","Couvre tes peurs de courage et avance sans hésiter."
"magnifique","magnificent","Le lever de soleil était tout simplement magnifique."
"obtenir","to obtain","Obtiens ce que tu désires en travaillant avec passion."
"cuisine","kitchen; cooking","La cuisine est l’art de nourrir le corps et l’âme."
"vue","view","La vue du sommet m’a donné des frissons d’excitation."
"terrible","terrible","Un terrible défi peut devenir ton plus grand triomphe."
"peau","skin","Ta peau porte les marques de ta résilience et de ton courage."
"éviter","to avoid","Évite les pièges du doute et concentre-toi sur tes forces."
"salaud","bastard (slang)","Ce salaud de doute ne te mènera nulle part !"
"conseil","advice","Un bon conseil peut changer le cours d’une vie."
"plaisanter","to joke","Plaisantez pour alléger l’atmosphère, même dans l’adversité."
"autour","around","Autour de toi, fais rayonner ta confiance inébranlable."
"vin","wine","Un bon vin se savoure lentement, tout comme le succès."
"exact","exact; precise","Sois exact dans tes actions et tu atteindras tes objectifs."
"virer","to fire; to turn","Virer tes peurs te libère pour avancer plus loin."
"supporter","to support; to endure","Supporte la pression, elle forge les plus grands champions."
"régler","to settle; to resolve","Règle tes priorités avant de courir dans tous les sens."
"doigt","finger; digit","Pointe ton doigt vers ton rêve et ne lâche rien."
"grâce","thanks to; grace","Grâce à ta persévérance, tu es déjà en route vers la victoire."
"étrange","strange; odd","C’est étrange comme un mot peut changer ta perception."
"souhaiter","to wish","Souhaite-toi le meilleur, puis travaille pour l’obtenir."
"bas","low; bottom","Au bas de la montagne commence la vraie ascension."
"mission","mission","Ta mission, si tu l’acceptes, est de vivre tes rêves."
"créer","to create","Crée ta réalité au lieu de la subir."
"chanson","song","Chaque chanson que tu écris est un morceau de ton âme."
"pote","buddy; pal","Mon pote, ensemble nous pouvons déplacer des montagnes."
"surveiller","to watch; to monitor","Surveille tes progrès, ils sont la preuve de ton engagement."
"simplement","simply","Parfois, il suffit simplement de croire pour réussir."
"recommencer","to restart","Recommence chaque jour avec la détermination du premier pas."
"robe","dress","Cette robe te va si bien qu’elle reflète ta confiance."
"chaud","hot; warm","Un café chaud réchauffe le corps et réveille l’esprit."
"billet","ticket; note","Ton billet pour le succès se trouve dans ton action d’aujourd’hui."
"spécial","special","Ce moment est spécial : fais-en le meilleur de ta vie."
"moyen","means; average","Utilise chaque moyen à ta disposition pour avancer."
"sympa","nice; friendly","Une attitude sympa ouvre plus de portes qu’on ne le croit."
"vaisseau","vessel; ship","Ton esprit est un vaisseau prêt à explorer l’inconnu."
"moi-même","myself","Apprends à te faire confiance, moi-même je crois en toi."
"coûter","to cost","Le prix du succès coûte des sacrifices, mais ils en valent la peine."
"surprise","surprise","La vie te réserve parfois des surprises extraordinaires."
"poste","post; job","Ton nouveau poste t’offre l’opportunité de briller."  
"compris","understood; agreed","J'ai compris que la seule limite était celle que je me fixais."
"anniversaire","birthday","Ton anniversaire est l'occasion de célébrer la personne incroyable que tu es."
"signe","sign; signal","Ce signe est le début d'une nouvelle ère pour toi."
"vol","flight; theft","Le vol de tes rêves commence dès que tu oses t'envoler."
"couleur","color","La couleur de tes rêves colore ta réalité."
"image","image; picture","Cette image restera gravée dans ton esprit pour toujours."
"parier","to bet","Parie sur toi-même, c'est le meilleur investissement que tu puisses faire."
"est","is","Il est temps de révéler ta vraie puissance."
"arbre","tree","Comme un arbre, enracine-toi et étends tes branches vers le ciel."
"bière","beer","Une bière entre amis scelle des souvenirs inoubliables."
"mme","madam; Mrs.","Mme Dupont a prouvé que l'âge n'est qu'un chiffre."
"poisson","fish","Le poisson le plus rapide ne craint pas les vagues."
"selon","according to","Selon ton cœur, chaque obstacle devient une opportunité."
"a","has; to have","Il a la force de changer sa vie aujourd'hui."
"intérêt","interest; stake","Ton intérêt pour le progrès te mènera loin."
"lieutenant","lieutenant","Le lieutenant de ton âme guide tes actions vers la victoire."
"danger","danger","Le plus grand danger est de ne jamais essayer."
"appartenir","to belong","Tu appartiens à la légende que tu construis."
"remarquer","to notice; to remark","Remarque chaque progrès, aussi petit soit-il."
"animal","animal","L'animal en toi cherche la liberté et l'instinct."
"rater","to miss; to fail","Rater est un passage obligé vers la réussite."
"retirer","to remove; to withdraw","Retire tes doutes et avance avec clarté."
"bord","edge; border","Au bord du précipice, trouve le courage de sauter."
"tenter","to try; to attempt","Tente ta chance, même si la peur te retient."
"liberté","freedom","La liberté commence là où tes peurs s'arrêtent."
"règle","rule; ruler","Écris tes propres règles et vis selon tes valeurs."
"banque","bank","La banque de la vie distribue des leçons à chaque instant."
"merveilleux","wonderful; marvelous","Un moment merveilleux peut surgir de la plus petite étincelle."
"fier","proud","Sois fier de chaque pas que tu fais vers ton rêve."
"partager","to share","Partager ton succès multiplie sa valeur."
"classe","class; lesson","Chaque défi est une classe magistrale de la vie."
"dossier","folder; file; case","Ce dossier contient la carte de ton avenir."
"ressentir","to feel","Ressens la puissance qui coule en toi."
"bonheur","happiness","Le bonheur est un choix quotidien, choisis-le."
"défendre","to defend","Défends tes convictions avec passion et intégrité."
"but","goal; purpose","Ton but est la boussole de ton existence."
"bande","band; strip","Ta bande de rêveurs change le monde ensemble."
"l","the (elided)","L'aventure commence quand tu ouvres ton esprit."
"fatiguer","to tire; to fatigue","Ne te laisse pas fatiguer par tes peurs, elles sont éphémères."
"radio","radio","La radio diffuse ta voix au-delà des frontières."
"prévoir","to foresee; to plan","Prévois ton succès comme on prépare une victoire."
"celui-là","that one","Celui-là, c'est ton rêve, saisis-le."
"haut","high; tall","Vise haut, même si les sommets te semblent inaccessibles."
"camarade","comrade; mate","Un camarade fidèle est un trésor inestimable."
"douter","to doubt","Doute, puis franchis la barrière de l'incertitude."
"oiseau","bird","Comme un oiseau, prends ton envol vers la liberté."
"vent","wind","Le vent de l'espoir souffle toujours, il suffit de tendre les voiles."
"recherche","research; search","Ta recherche de vérité te mènera vers l'excellence."
"apprécier","to appreciate","Apprécie chaque instant, c'est là que réside la magie."
"système","system","Le système de ta vie est la somme de tes actions."
"ferme","to close; firm","Ferme les yeux et imagine la vie que tu mérites."
"capable","capable","Tu es capable de transformer chaque rêve en réalité."
"fuir","to flee; to run away","Ne fuis pas tes peurs, affronte-les et deviens plus fort."
"ennui","boredom","Transforme ton ennui en opportunité de création."
"tante","aunt","Ma tante m'a appris que le courage se cultive chaque jour."
"héros","hero","Sois le héros de ta propre histoire."
"dedans","inside","Regarde dedans ton cœur pour trouver ta vérité."
"excellent","excellent","Ton travail est excellent, continue sur cette voie."
"pitié","pity","N'attends pas la pitié, conquiers le respect par tes actions."
"appartement","apartment","Chaque appartement peut devenir un foyer de bonheur."
"bosser","to work hard (slang)","Bosser dur aujourd'hui pour récolter tes succès demain."
"respirer","to breathe","Respire profondément et laisse la paix envahir ton esprit."
"entier","whole; entire","Donne-toi corps et âme, entièrement et sans réserve."
"récupérer","to recover; to retrieve","Récupère ta force intérieure et avance sans crainte."
"douleur","pain","La douleur d'hier forge la force d'aujourd'hui."
"libérer","to free; to liberate","Libère-toi des chaînes du passé pour vivre pleinement."
"sentiment","feeling; sentiment","Exprime chaque sentiment, ils sont le moteur de ta vérité."
"grand-père","grandfather","Mon grand-père m'a montré la valeur de la persévérance."
"société","society","Change la société en incarnant tes valeurs les plus nobles."
"lancer","to throw; to launch","Lance ton projet et observe-le prendre vie."
"nez","nose","Suis ton nez, il te guidera vers les meilleures opportunités."
"joie","joy","La joie est un choix, choisis-la chaque matin."
"relation","relationship","Une relation solide repose sur la confiance et le respect."
"témoin","witness","Sois le témoin de ta propre transformation."
"acteur","actor","Deviens l'acteur principal de ta vie, pas un simple spectateur."
"moitié","half","Trouve ta moitié et construis un avenir commun."
"incroyable","incredible","Ton potentiel est incroyable, libère-le sans hésiter."
"bain","bath","Prends un bain de positivité avant de commencer ta journée."
"durer","to last; to endure","Ce qui dure, c'est la passion que tu mets dans tes actions."
"marché","market; to walk","Le marché de tes idées s'ouvre à qui ose les partager."
"laver","to wash","Lave tes doutes comme on lave les peurs de l'âme."
"dent","tooth","Défends tes convictions jusqu'à la dernière dent."
"là-dedans","in there","Trouve ta force là-dedans, au plus profond de toi."
"mademoiselle","miss; young lady","Mademoiselle, votre détermination est votre plus belle robe."
"adresse","address; skill","Donne-toi l'adresse pour transformer chaque échec en leçon."
"cousin","cousin","Mon cousin m'a appris l'importance de l'entraide familiale."
"riche","rich","Sois riche de tes expériences, pas seulement de tes biens."
"compagnie","company; companionship","La compagnie des gens positifs élève ton esprit."
"sonner","to ring","Laisse ton cœur sonner l'heure de tes nouveaux départs."
"chaussure","shoe","Trouve la chaussure qui te fera marcher vers tes rêves."
"oreille","ear","Écoute ton oreille intérieure, elle connaît la voie à suivre."
"grand-mère","grandmother","Ma grand-mère disait que chaque épreuve est une bénédiction."
"ancien","former; ancient","Ton ancien toi ne définit pas qui tu es devenu."
"art","art","Fais de ta vie une œuvre d'art unique et inspirante."
"deviner","to guess; to figure out","Devine ta vraie valeur avant que le monde ne te la révèle."
"inutile","useless","Rien n'est inutile quand tu en tires une leçon de vie."
"ravir","to delight; to captivate","Ravie ton âme par la beauté de tes actions."
"blague","joke","Une blague partagée crée des liens indestructibles."
"avenir","future","Ton avenir se construit dès maintenant, brique après brique."
"beauté","beauty","La beauté réside dans la confiance que tu portes en toi."
"laisse","to let; to leave","Laisse ton cœur te guider vers ta vérité."
"course","race; run","La course de ta vie commence maintenant, ne t'arrête pas."
"manière","way; manner","Trouve ta propre manière de briller dans ce monde."
"traverser","to cross","Traverse tes peurs pour découvrir ta force intérieure."
"expérience","experience","Chaque expérience te rapproche de ta meilleure version."
"soin","care; attention","Prends soin de ton esprit comme de ton corps."
"hors","outside; except","Hors de ta zone de confort, tout devient possible."
"cour","courtyard; course","Dans la cour de la vie, choisis ta trajectoire."
"gauche","left","Tourne à gauche quand ton cœur te le souffle."
"stupide","stupid; foolish","Il est stupide de ne pas croire en son potentiel."
"retenir","to hold back; to remember","Retenir ta passion est le premier pas vers l'échec."
"liste","list","Fais une liste de tes objectifs et attaque-les un à un."
"remonter","to climb back; to recover","Remonte-toi le moral avec des pensées positives."
"réaliser","to realize; to achieve","Réalise tes rêves avant qu'ils ne deviennent regrets."
"i","letter i","La lettre i symbolise l'individu unique que tu es."
"moquer","to mock","Ne te moque jamais de tes rêves, ils sont ton moteur."
"étudier","to study","Étudie chaque échec pour transformer tes faiblesses en forces."
"installer","to install; to set up","Installe en toi la confiance comme fondation de tes succès."
"courage","courage","Le courage n'est pas l'absence de peur, mais l'action malgré elle."
"bleu","blue","Le bleu du ciel rappelle que tes possibilités sont infinies."
"secours","help; rescue","Demande secours quand tu en as besoin, la force réside dans l'humilité."
"milieu","middle; environment","Le milieu qui t'entoure influence ta destinée, choisis-le bien."
"proposer","to propose; to suggest","Propose-toi des défis et relève-les avec audace."
"m","letter m","La lettre m ouvre la porte de ta motivation."
"contact","contact; connection","Le contact avec tes mentors peut propulser ta carrière."
"inspecteur","inspector","L'inspecteur de ta vie est ta conscience, écoute-la."
"mignon","cute; sweet","Un geste mignon peut illuminer la journée de quelqu'un."
"projet","project","Ton projet de vie mérite d'être construit avec passion."
"probablement","probably; likely","Probablement, ton meilleur reste à venir."
"rôle","role","Joue ton rôle principal avec conviction et fierté."
"risque","risk","Chaque risque mesuré ouvre la voie à de grandes récompenses."
"action","action","L'action est la clé qui transforme les rêves en réalité."
"ange","angel","Sois l'ange gardien de tes propres espoirs."
"avance","advance; forward","Avance sans peur, car le monde appartient aux audacieux."
"intéressant","interesting","Chaque instant est intéressant quand tu le vis pleinement."
"parmi","among","Parmi tes peurs, choisis celle qui te propulsera vers l'avant."
"langue","language; tongue","La langue du succès est la persévérance."
"emporter","to take away; to carry","Emporte avec toi la force de tes convictions."
"thé","tea","Un thé partagé crée des liens authentiques."
"laquelle","which one (fem.)","Laquelle de tes idées deviendra ton prochain succès ?"
"colère","anger","Transforme ta colère en énergie constructive."
"départ","departure; start","Chaque départ est une nouvelle chance de briller."
"époque","era; time","Dans cette époque de changement, sois l'acteur du renouveau."
"engager","to engage; to hire","Engage-toi corps et âme dans tes passions."
"voleur","thief","Ne laisse pas la peur être le voleur de tes rêves."
"cesser","to cease; to stop","Cesse de douter et commence à croire en toi."
"tort","wrong; fault","Admets ton tort, apprends et grandis."
"vacance","vacation","Une vacance loin de tes peurs recharge ton esprit."
"là-haut","up there","Là-haut, tes rêves t'attendent, saisis-les."
"machine","machine","Fais de ton esprit une machine à réussir."
"signifier","to mean","Ce geste peut signifier le début d’une grande aventure."
"réparer","to repair","Répare tes erreurs passées pour avancer plus fort."
"bête","beast; stupid","Ne te traite pas de bête, apprends de chaque échec."
"construire","to build","Construis ta vie comme on bâtit un château, pierre par pierre."
"pain","bread; pain","Un morceau de pain partagé unit les cœurs les plus distants."
"bar","bar","Trouve le bar de tes rêves et célèbre chaque victoire."
"chier","to shit (slang)","Arrête de chier sur tes propres efforts et fais-toi confiance."
"club","club","Rejoins un club de passionnés et élève-toi avec eux."
"été","summer","Cet été, transforme tes rêves en réalité éclatante."
"horrible","horrible","Même dans l’horrible, tu peux découvrir une leçon de force."
"profiter","to take advantage","Profite de chaque instant, car le temps ne revient jamais."
"pierre","stone","Chaque pierre sur ton chemin est un pas vers ta réussite."
"pleuvoir","to rain","Laisse la pluie laver tes doutes et nourrir tes espoirs."
"plusieurs","several; many","Plusieurs opportunités t’attendent si tu oses les saisir."
"salope","bitch (slang)","Ignore les salopes qui veulent te freiner et avance."
"tel","such; like","Tel un oiseau, prends ton envol vers tes plus hauts rêves."
"glace","ice; ice cream","Une glace partagée fond aussi vite que les barrières tombent."
"présent","present; gift","Vis le présent comme le plus beau des cadeaux."
"décision","decision","Une seule décision peut changer le cours de ta vie."
"juge","judge","Ne laisse personne te juger, sauf toi-même avec bienveillance."
"contrôle","control","Reprends le contrôle de ton esprit pour diriger ton destin."
"séparer","to separate","Sépare-toi des pensées négatives pour laisser place à la clarté."
"sept","seven","Sept secondes de courage peuvent transformer ton avenir."
"maladie","illness","La maladie forge parfois la plus belle des résiliences."
"quartier","neighborhood","Ton quartier peut devenir le berceau de tes plus grands rêves."
"désirer","to desire","Désire l’excellence, puis travaille sans relâche pour l’atteindre."
"travers","across; through","À travers chaque épreuve, ta force intérieure grandit."
"dommage","damage; pity","Quel dommage de ne pas oser alors que tu en es capable."
"cigarette","cigarette","Abandonne la cigarette et respire la liberté à pleins poumons."
"traîner","to hang out; to drag","Ne traîne pas tes regrets, laisse-les derrière toi."
"respecter","to respect","Respecte-toi suffisamment pour ne jamais abandonner."
"époux","spouse","Ton époux est ton premier allié dans cette aventure de vie."
"tas","pile; heap","Un tas de petites victoires crée un triomphe monumental."
"enfuir","to flee","N’essaie pas de t’enfuir, affronte chaque défi avec bravoure."
"diriger","to lead; to direct","Dirige ta vie avec la même passion qu’un chef d’orchestre."
"crever","to die (slang); to burst","Crève l’abcès de tes peurs et libère ta vraie puissance."
"fil","thread; wire","Ce fil de conviction tisse la toile de ton succès."
"combat","fight; battle","Chaque combat gagné te rapproche de la victoire finale."
"poursuivre","to pursue","Poursuis tes rêves comme s’ils étaient déjà réalité."
"morceau","piece; bit","Chaque morceau de ton histoire construit ta légende."
"église","church","Cette église symbolise la foi inébranlable en tes rêves."
"directeur","director; manager","Sois le directeur de ton destin, pas un simple spectateur."
"demande","request; demand","Ta demande de succès doit être aussi forte que ton désir."
"forcer","to force","Ne force pas le destin, guide-le par ta détermination."
"bombe","bomb","Laisse ta passion exploser comme une bombe de créativité."
"j","I","J'ai choisi de ne jamais renoncer à mes rêves."
"lequel","which one","Lequel de tes rêves mérite toute ton attention aujourd'hui ?"
"espoir","hope","L’espoir est le moteur silencieux de tous les exploits."
"tueur","killer","Ton tueur de doutes est la confiance en toi."
"grandir","to grow","Grandis à chaque obstacle, car c’est là que naît la force."  